{"ts":1687577662869,"data":{"__monkeyMsgBroadcast__":"o{\"data\": {},\"tabId\": 530,\"title\": \"了不起的 TypeScript 入门教程（1.2W字） - 知乎\",\"referrer\": {\"ancestorOrigins\": {\"length\": 0},\"href\": \"https://zhuanlan.zhihu.com/p/147765838\",\"origin\": \"https://zhuanlan.zhihu.com\",\"protocol\": \"https:\",\"host\": \"zhuanlan.zhihu.com\",\"hostname\": \"zhuanlan.zhihu.com\",\"port\": \"\",\"pathname\": \"/p/147765838\",\"search\": \"\",\"hash\": \"\"},\"updateTime\": 1687577662869}","_global_id_":"n534","_h5player_media_playbackRate":"n1","globalKeydownEvent":"o{\"data\": {\"isTrusted\": true,\"key\": \"Alt\",\"code\": \"AltLeft\",\"location\": 1,\"ctrlKey\": false,\"shiftKey\": false,\"altKey\": true,\"metaKey\": false,\"repeat\": false,\"isComposing\": false,\"charCode\": 0,\"keyCode\": 18,\"DOM_KEY_LOCATION_STANDARD\": 0,\"DOM_KEY_LOCATION_LEFT\": 1,\"DOM_KEY_LOCATION_RIGHT\": 2,\"DOM_KEY_LOCATION_NUMPAD\": 3,\"detail\": 0,\"which\": 18,\"type\": \"keydown\",\"eventPhase\": 1,\"bubbles\": true,\"cancelable\": true,\"defaultPrevented\": false,\"composed\": true,\"timeStamp\": 283520.90000009537,\"returnValue\": true,\"cancelBubble\": false,\"NONE\": 0,\"CAPTURING_PHASE\": 1,\"AT_TARGET\": 2,\"BUBBLING_PHASE\": 3},\"tabId\": 533,\"title\": \"Bearly.ai | AI at your fingertips\",\"referrer\": {\"ancestorOrigins\": {\"length\": 0},\"href\": \"https://bearly.ai/dashboard/login\",\"origin\": \"https://bearly.ai\",\"protocol\": \"https:\",\"host\": \"bearly.ai\",\"hostname\": \"bearly.ai\",\"port\": \"\",\"pathname\": \"/dashboard/login\",\"search\": \"\",\"hash\": \"\"},\"updateTime\": 1687577235893}","videoDetected":"o{\"data\": {\"src\": \"http://v3.toutiaovod.com/70997e1ac247cb666de1fcd9fb769216/6495086f/video/tos/cn/tos-cn-ve-4/ogLJNfAIhzyyRuAYTQ53AqmMIt08OpghmQEdaR/\"},\"tabId\": 499,\"title\": \"云解析\",\"referrer\": {\"ancestorOrigins\": {\"0\": \"https://www.agemys.org\",\"length\": 1},\"href\": \"https://vip.sp-flv.com:8443/?url=age_4b48e%2BP2309Md1m6IUC2aawGCFnHXJLeel9M2WX65LR3ylQGqCBkrQ5jb25Osx%2FY2%2BLDvNYHV7XRpAj3zDcFucuUIA\",\"origin\": \"https://vip.sp-flv.com:8443\",\"protocol\": \"https:\",\"host\": \"vip.sp-flv.com:8443\",\"hostname\": \"vip.sp-flv.com\",\"port\": \"8443\",\"pathname\": \"/\",\"search\": \"?url=age_4b48e%2BP2309Md1m6IUC2aawGCFnHXJLeel9M2WX65LR3ylQGqCBkrQ5jb25Osx%2FY2%2BLDvNYHV7XRpAj3zDcFucuUIA\",\"hash\": \"\"},\"updateTime\": 1687483582460}","globalPictureInPictureInfo":"o{\"data\": {\"usePictureInPicture\": false},\"tabId\": 499,\"title\": \"云解析\",\"referrer\": {\"ancestorOrigins\": {\"0\": \"https://www.agemys.org\",\"length\": 1},\"href\": \"https://vip.sp-flv.com:8443/?url=age_4b48e%2BP2309Md1m6IUC2aawGCFnHXJLeel9M2WX65LR3ylQGqCBkrQ5jb25Osx%2FY2%2BLDvNYHV7XRpAj3zDcFucuUIA\",\"origin\": \"https://vip.sp-flv.com:8443\",\"protocol\": \"https:\",\"host\": \"vip.sp-flv.com:8443\",\"hostname\": \"vip.sp-flv.com\",\"port\": \"8443\",\"pathname\": \"/\",\"search\": \"?url=age_4b48e%2BP2309Md1m6IUC2aawGCFnHXJLeel9M2WX65LR3ylQGqCBkrQ5jb25Osx%2FY2%2BLDvNYHV7XRpAj3zDcFucuUIA\",\"hash\": \"\"},\"updateTime\": 1687483626919}"}}