{"ts":1687527983456,"data":{"unreadFeeds":"o{\"value\": [{\"id\": \"8417152309\",\"forum\": {\"id\": \"21841105\",\"name\": \"孙笑川\",\"href\": \"https://tieba.baidu.com/f?kw=%E5%AD%99%E7%AC%91%E5%B7%9D\"},\"author\": {\"portrait\": \"tb.1.f0a2978c.5BqoN9MSfPMNmnXHGKFZVg\",\"name\": \"刀砸flew\",\"href\": \"https://tieba.baidu.com/home/main?id=tb.1.f0a2978c.5BqoN9MSfPMNmnXHGKFZVg&fr=index\"},\"time\": \"2分钟之前\",\"title\": \"吧友们教学🍊\",\"content\": \"在吗起手，天下我有 \",\"replies\": \"1077\",\"images\": [{\"thumb\": \"https://tiebapic.baidu.com/forum/crop%3D0%2C76%2C1080%2C756%3Bwh%3D150%2C105%3B/sign=62c836508eef76092844c3df13ed8ffb/304e251f95cad1c8c9baceea3a3e6709c83d51fd.jpg?tbpicau=2023-05-24-05_f2462df68666e7e7b57750c874a77299\",\"original\": \"https://tiebapic.baidu.com/forum/w%3D580/sign=93c6a8acb6deb48ffb69a1d6c01e3aef/304e251f95cad1c8c9baceea3a3e6709c83d51fd.jpg?tbpicau=2023-05-24-05_7a284f17c9543877962b465ec030faba\"},{\"thumb\": \"https://tiebapic.baidu.com/forum/crop%3D0%2C76%2C1080%2C756%3Bwh%3D150%2C105%3B/sign=adf05922c8b1cb132a266653e0647a79/d40735fae6cd7b890709084e4a2442a7d8330e91.jpg?tbpicau=2023-05-24-05_96096ece0f7bb85da14d321da852f566\",\"original\": \"https://tiebapic.baidu.com/forum/w%3D580/sign=3edeceea3a3e6709be0045f70bc69fb8/d40735fae6cd7b890709084e4a2442a7d8330e91.jpg?tbpicau=2023-05-24-05_cb3fb9235719d18ba54f7dc39559c260\"},{\"thumb\": \"https://tiebapic.baidu.com/forum/crop%3D0%2C76%2C1080%2C756%3Bwh%3D150%2C105%3B/sign=9fa28576e31ea8d39e6d2e44aa3a1c79/ab64034f78f0f736039b7ecc4f55b319eac41391.jpg?tbpicau=2023-05-24-05_d77457ab6e5dcd2f411db143a57d6d5d\",\"original\": \"https://tiebapic.baidu.com/forum/w%3D580/sign=3e1dd175913f8794d3ff4826e21a0ead/ab64034f78f0f736039b7ecc4f55b319eac41391.jpg?tbpicau=2023-05-24-05_3a6596965174b7a2ee20ff6e1947e85b\"}]},{\"id\": \"8421256585\",\"forum\": {\"id\": \"26718371\",\"name\": \"无关剑三\",\"href\": \"https://tieba.baidu.com/f?kw=%E6%97%A0%E5%85%B3%E5%89%91%E4%B8%89\"},\"author\": {\"portrait\": \"tb.1.5bdfae9d.069K3U2p7ToRNn5ItXQg-w\",\"name\": \"别跟我🐶吠\",\"href\": \"https://tieba.baidu.com/home/main?id=tb.1.5bdfae9d.069K3U2p7ToRNn5ItXQg-w&fr=index\"},\"time\": \"9分钟之前\",\"title\": \"当翻到了已经谈了一年多的男朋友的推特\",\"content\": \"大过节的，给大家看点下头笑话吧 现实男友，我们已经谈了一年了，几乎天天接我下班送我回家，回家还高强度挂电话，我一直以为他心里全是我，真没想到他精力这么旺盛 \",\"replies\": \"617\",\"images\": [{\"thumb\": \"https://tiebapic.baidu.com/forum/crop%3D217%2C0%2C1484%2C1039%3Bwh%3D150%2C105%3B/sign=dc9bedee0c540923be26393eaf6ae03e/95cad1c8a786c9172e1441f48c3d70cf3ac757e3.jpg?tbpicau=2023-05-24-05_a83e91e86674fa5c63a57d6a741d6f31\",\"original\": \"https://tiebapic.baidu.com/forum/w%3D580/sign=a2f49272c95494ee87220f111df4e0e1/95cad1c8a786c9172e1441f48c3d70cf3ac757e3.jpg?tbpicau=2023-05-24-05_663d1c543a6ebe5dd02bf2db93e388f4\"},{\"thumb\": \"https://tiebapic.baidu.com/forum/crop%3D0%2C80%2C1137%2C796%3Bwh%3D150%2C105%3B/sign=17c580e3edd3fd1f2246f87a0d7e0927/ebc4b74543a982265ab238eacf82b9014b90eb88.jpg?tbpicau=2023-05-24-05_73048c6908694d5bb004550325ee9071\",\"original\": \"https://tiebapic.baidu.com/forum/w%3D580/sign=8e9b8b9398c451daf6f60ce386fc52a5/ebc4b74543a982265ab238eacf82b9014b90eb88.jpg?tbpicau=2023-05-24-05_ecdd9bca5cd2eaecaa40cd00ff8a642e\"},{\"thumb\": \"https://tiebapic.baidu.com/forum/crop%3D0%2C48%2C680%2C476%3Bwh%3D150%2C105%3B/sign=6c17d0d92e600c33e4368488277c7d3b/5982b2b7d0a20cf436d9ed1233094b36adaf99b5.jpg?tbpicau=2023-05-24-05_cc736f223aa969f79a71f5770e024c67\",\"original\": \"https://tiebapic.baidu.com/forum/w%3D580/sign=f1504d9d493387449cc52f74610ed937/5982b2b7d0a20cf436d9ed1233094b36adaf99b5.jpg?tbpicau=2023-05-24-05_cc34f5849b94809803b1f1effc291db2\"}]},{\"id\": \"8420975776\",\"forum\": {\"id\": \"21841105\",\"name\": \"孙笑川\",\"href\": \"https://tieba.baidu.com/f?kw=%E5%AD%99%E7%AC%91%E5%B7%9D\"},\"author\": {\"portrait\": \"tb.1.8e63685b.xb3usGxZKjOyc7J-A5iUiw\",\"name\": \"晚心￣\",\"href\": \"https://tieba.baidu.com/home/main?id=tb.1.8e63685b.xb3usGxZKjOyc7J-A5iUiw&fr=index\"},\"time\": \"刚刚发布\",\"title\": \"自从我妈被我弟传染贴吧表情之后\",\"content\": \"自从我妈被我弟传染贴吧表情之后再也不敢直视我和我妈的聊天记录了 \",\"replies\": \"3246\",\"images\": []},{\"id\": \"8417372282\",\"forum\": {\"id\": \"27743430\",\"name\": \"崩坏星穹铁道\",\"href\": \"https://tieba.baidu.com/f?kw=%E5%B4%A9%E5%9D%8F%E6%98%9F%E7%A9%B9%E9%93%81%E9%81%93\"},\"author\": {\"portrait\": \"tb.1.f4707df2.6-fNgGkjGt0wjJj8WcHsLg\",\"name\": \"佞臣\",\"href\": \"https://tieba.baidu.com/home/main?id=tb.1.f4707df2.6-fNgGkjGt0wjJj8WcHsLg&fr=index\"},\"time\": \"40分钟之前\",\"title\": \"【终极骗局】堪比常驻的拉胯限定——景元\",\"content\": \"现在的所有吹景元的视频都不要相信，都是坑你们的，拿着模拟宇宙的数据说看我神君直接秒了。 楼下细说！ 本人已经6+5景元，uid102155102，自己可以搜索查看\",\"replies\": \"2342\",\"images\": []},{\"id\": \"8422067825\",\"forum\": {\"id\": \"21841105\",\"name\": \"孙笑川\",\"href\": \"https://tieba.baidu.com/f?kw=%E5%AD%99%E7%AC%91%E5%B7%9D\"},\"author\": {\"portrait\": \"tb.1.b6397730.55dBSzEJAFjeuPXFyjI9pg\",\"name\": \"亡润鼠\",\"href\": \"https://tieba.baidu.com/home/main?id=tb.1.b6397730.55dBSzEJAFjeuPXFyjI9pg&fr=index\"},\"time\": \"1分钟之前\",\"title\": \"今天520是个好日子，给大家看点乐子🔥\",\"content\": \"520都能看🤡真是笑嘻了 \",\"replies\": \"4866\",\"images\": []},{\"id\": \"8419434873\",\"forum\": {\"id\": \"21841105\",\"name\": \"孙笑川\",\"href\": \"https://tieba.baidu.com/f?kw=%E5%AD%99%E7%AC%91%E5%B7%9D\"},\"author\": {\"portrait\": \"tb.1.f18080a1.UB15P5XhO681isrsACaFoA\",\"name\": \"睡覚ㅤ\",\"href\": \"https://tieba.baidu.com/home/main?id=tb.1.f18080a1.UB15P5XhO681isrsACaFoA&fr=index\"},\"time\": \"1分钟之前\",\"title\": \"可以看看孙吧的鼠鼠们现实中都长什么样子吗\",\"content\": \" \",\"replies\": \"12675\",\"images\": [{\"thumb\": \"https://tiebapic.baidu.com/forum/crop%3D0%2C19%2C276%2C193%3Bwh%3D150%2C105%3B/sign=ef22128647087bf469a30da9cfe37b1d/dd93dc2297dda1445f83417ff7b7d0a20df4863f.jpg?tbpicau=2023-05-24-05_d551268683aee6fddd7b1e68196abce8\",\"original\": \"https://tiebapic.baidu.com/forum/w%3D580/sign=f8667a24b7d3572c66e29cd4ba116352/dd93dc2297dda1445f83417ff7b7d0a20df4863f.jpg?tbpicau=2023-05-24-05_9f9613343838b2ccaaef44d0427b8eb3\"}]},{\"id\": \"8420606065\",\"forum\": {\"id\": \"17019292\",\"name\": \"抗压背锅\",\"href\": \"https://tieba.baidu.com/f?kw=%E6%8A%97%E5%8E%8B%E8%83%8C%E9%94%85\"},\"author\": {\"portrait\": \"tb.1.ffa9b484.7H8baZdO7sZAAbVaWyiYrA\",\"name\": \"疯狂◆钻石♤\",\"href\": \"https://tieba.baidu.com/home/main?id=tb.1.ffa9b484.7H8baZdO7sZAAbVaWyiYrA&fr=index\"},\"time\": \"3分钟之前\",\"title\": \"这届网友又整活了\",\"content\": \" \",\"replies\": \"301\",\"images\": [{\"thumb\": \"https://tiebapic.baidu.com/forum/crop%3D0%2C140%2C2000%2C1400%3Bwh%3D150%2C105%3B/sign=14fc172c6a2eb938f82220b2e852a904/dd54564e9258d109f3c5bd7f9458ccbf6d814ddc.jpg?tbpicau=2023-05-24-05_624c508f2412ace5ff44ee3c46116f60\",\"original\": \"https://tiebapic.baidu.com/forum/w%3D580/sign=41f218fc643fb80e0cd161df06d02ffb/dd54564e9258d109f3c5bd7f9458ccbf6d814ddc.jpg?tbpicau=2023-05-24-05_be8f9b31b54dab24151a84dc91b7fc0a\"},{\"thumb\": \"https://tiebapic.baidu.com/forum/crop%3D0%2C140%2C2000%2C1400%3Bwh%3D150%2C105%3B/sign=0ad9f49fc035e5dd8463ff9f4bf68bde/9c82d158ccbf6c81c5113825f93eb13532fa40dc.jpg?tbpicau=2023-05-24-05_8adeca2c5b363120720d6c1c1c34870e\",\"original\": \"https://tiebapic.baidu.com/forum/w%3D580/sign=11fc172c6a2eb938ec6d7afae56385fe/9c82d158ccbf6c81c5113825f93eb13532fa40dc.jpg?tbpicau=2023-05-24-05_f69ab7ff9d051a5386d0f8b699b70431\"},{\"thumb\": \"https://tiebapic.baidu.com/forum/crop%3D0%2C140%2C2000%2C1400%3Bwh%3D150%2C105%3B/sign=9ab40f20e6cc7cd9ee626e9904310d0e/e0fe9925bc315c6002b37f22c8b1cb13485477dc.jpg?tbpicau=2023-05-24-05_0deb8d31a9cf0b1e7c852e42ee38a8f1\",\"original\": \"https://tiebapic.baidu.com/forum/w%3D580/sign=3aef10508eef76093c0b99971edca301/e0fe9925bc315c6002b37f22c8b1cb13485477dc.jpg?tbpicau=2023-05-24-05_3044e0c3f392cde88a8f4d2bfba0b40d\"}]},{\"id\": \"8417488059\",\"forum\": {\"id\": \"21841105\",\"name\": \"孙笑川\",\"href\": \"https://tieba.baidu.com/f?kw=%E5%AD%99%E7%AC%91%E5%B7%9D\"},\"author\": {\"portrait\": \"tb.1.f89bf54c.JJY3GoOMbCzwxXHiRVPH-A\",\"name\": \"不玩原神的都是我*\",\"href\": \"https://tieba.baidu.com/home/main?id=tb.1.f89bf54c.JJY3GoOMbCzwxXHiRVPH-A&fr=index\"},\"time\": \"6分钟之前\",\"title\": \"孙吧教学局\",\"content\": \"想看🤡的就别来了 \",\"replies\": \"10258\",\"images\": [{\"thumb\": \"https://tiebapic.baidu.com/forum/crop%3D0%2C76%2C1080%2C756%3Bwh%3D150%2C105%3B/sign=497f97ebb8faaf5190acdbffb164b8d9/8bebe90e4bfbfbed2c0009b23df0f736aec31f63.jpg?tbpicau=2023-05-24-05_a118bd407c9195e323a30cdbc4346ff3\",\"original\": \"https://tiebapic.baidu.com/forum/w%3D580/sign=076e1325f93eb13544c7b7b3961fa8cb/8bebe90e4bfbfbed2c0009b23df0f736aec31f63.jpg?tbpicau=2023-05-24-05_2d4a2343046cc6d2b2c20e43c2a7cc12\"},{\"thumb\": \"https://tiebapic.baidu.com/forum/crop%3D0%2C76%2C1080%2C756%3Bwh%3D150%2C105%3B/sign=6c41cca1553853439880dd61ae239c49/29989c01baa1cd112be04dedfc12c8fcc2ce2d6a.jpg?tbpicau=2023-05-24-05_15ca459993feaf8c8c724c28506fcc2f\",\"original\": \"https://tiebapic.baidu.com/forum/w%3D580/sign=7854b2f33eec54e741ec1a1689399bfd/29989c01baa1cd112be04dedfc12c8fcc2ce2d6a.jpg?tbpicau=2023-05-24-05_8b31c394187fcff7bac7c5c312a84229\"},{\"thumb\": \"https://tiebapic.baidu.com/forum/crop%3D0%2C76%2C1080%2C756%3Bwh%3D150%2C105%3B/sign=44b0dbfdffa1cd1111f928608422e4cb/b39dbfd2572c11df158080ee262762d0f603c274.jpg?tbpicau=2023-05-24-05_200031a2e665ceafe750c391fa3ba54c\",\"original\": \"https://tiebapic.baidu.com/forum/w%3D580/sign=2b47defa70fae6cd0cb4ab693fb20f9e/b39dbfd2572c11df158080ee262762d0f603c274.jpg?tbpicau=2023-05-24-05_e2d7ea0f23dcbe6a20ed46a159ee1142\"}]},{\"id\": \"8416350859\",\"forum\": {\"id\": \"21841105\",\"name\": \"孙笑川\",\"href\": \"https://tieba.baidu.com/f?kw=%E5%AD%99%E7%AC%91%E5%B7%9D\"},\"author\": {\"portrait\": \"tb.1.e213bc27.W_O9CYyA_4pqSKSvmkkU_Q\",\"name\": \"确实有点意思嗷\",\"href\": \"https://tieba.baidu.com/home/main?id=tb.1.e213bc27.W_O9CYyA_4pqSKSvmkkU_Q&fr=index\"},\"time\": \"27分钟之前\",\"title\": \"和96公斤的前女友谈了两年多，现在真的笑嘻了\",\"content\": \"感觉这事儿还挺有意思的，放到孙笑川吧给大家看个乐，8u可以狠狠的嘲笑了，我慢慢写\",\"replies\": \"4096\",\"images\": []},{\"id\": \"8421467151\",\"forum\": {\"id\": \"21841105\",\"name\": \"孙笑川\",\"href\": \"https://tieba.baidu.com/f?kw=%E5%AD%99%E7%AC%91%E5%B7%9D\"},\"author\": {\"portrait\": \"tb.1.345debee.E4RkcvEQJ4AFnXLBfxGqLg\",\"name\": \"我不是路痴啊-\",\"href\": \"https://tieba.baidu.com/home/main?id=tb.1.345debee.E4RkcvEQJ4AFnXLBfxGqLg&fr=index\"},\"time\": \"21分钟之前\",\"title\": \"因为彩礼谈崩了\",\"content\": \"\",\"replies\": \"5803\",\"images\": []}],\"invalidTime\": 1684747981000}"}}