{"options":{"check_for_updates":true,"comment":null,"compat_foreach":false,"compat_metadata":false,"compat_powerful_this":null,"compat_wrappedjsobject":false,"compatopts_for_requires":true,"noframes":null,"override":{"merge_connects":true,"merge_excludes":true,"merge_includes":true,"merge_matches":true,"orig_connects":[],"orig_excludes":[],"orig_includes":["https://www.douyin.com/recommend","https://www.douyin.com/*","https://www.douyin.com/?*","https://www.douyin.com/follow","https://live.douyin.com/*"],"orig_matches":["https://www.douyin.com/*"],"orig_noframes":true,"orig_run_at":"document-end","use_blockers":[],"use_connects":[],"use_excludes":[],"use_includes":[],"use_matches":[]},"run_at":null,"sandbox":null,"tab_types":null,"unwrap":null},"settings":{"enabled":true,"position":16},"meta":{"name":"抖音网页版优化","uuid":"acfe1dde-8a3f-4f2a-aa1a-50b8b5236b46","modified":1685779699578,"file_url":"https://greasyfork.org/scripts/434956-%E6%8A%96%E9%9F%B3%E7%BD%91%E9%A1%B5%E7%89%88%E4%BC%98%E5%8C%96/code/%E6%8A%96%E9%9F%B3%E7%BD%91%E9%A1%B5%E7%89%88%E4%BC%98%E5%8C%96.user.js"}}