{"options":{"check_for_updates":true,"comment":null,"compatopts_for_requires":true,"compat_wrappedjsobject":false,"compat_metadata":false,"compat_foreach":false,"compat_powerful_this":null,"sandbox":null,"noframes":null,"unwrap":null,"run_at":null,"tab_types":null,"override":{"merge_connects":true,"merge_excludes":true,"merge_includes":true,"merge_matches":true,"orig_connects":[],"orig_excludes":[],"orig_includes":[],"orig_matches":["*://*.blog.csdn.net/*","*://blog.csdn.net/*","*://ask.csdn.net/questions/*","*://download.csdn.net/download/*","*://*.it1352.com/*","*://*.jb51.cc/*","*://*.jianshu.com/*","*://www.zhihu.com/question/*","*://zhuanlan.zhihu.com/p/*","*://jingyan.baidu.com/article*","*://zhidao.baidu.com/question*","*://baike.baidu.com/item/*","*://tieba.baidu.com/p*","*://wk.baidu.com/view/*","*://tanbi.baidu.com/h5apptopic/browse/*","*://baijiahao.baidu.com/s*","*://easylearn.baidu.com/edu-page/tiangong/questiondetail?id*","*://mbd.baidu.com/newspage/data/*","*://news.baidu.com/news*","*://m.baidu.com/sf_baijiahao/*","*://*.sina.cn/*","*://3g.163.com/*","*://*.sohu.com/a/*","*://view.inews.qq.com/*","*://*.ifeng.com/*","*://m.thepaper.cn/newsDetail_forward*","*://m.bjnews.com.cn/detail/*","*://*.huanqiu.com/article/*","*://3w.huanqiu.com/a/*","*://www.toutiao.com/article/*","*://www.toutiao.com/answer/*","*://3g.dxy.cn/*","*://www.cn-healthcare.com/*","*://space.bilibili.com/*/dynamic*","*://t.bilibili.com*","*://www.bilibili.com/video/*","*://www.bilibili.com/read/mobile*","*://m.bilibili.com/opus/*","*://weibo.com/ttarticle/p/show?id=*","*://card.weibo.com/article/m/show/id*","*://*.douban.com/*","*://www.oschina.net/p/*","*://developer.aliyun.com/article/*","*://cloud.tencent.com/developer/article/*","*://cloud.tencent.com/developer/beta/article/*","*://huaweicloud.csdn.net/*","*://www.360doc.cn/article/*","*://www.360doc.com/content/*","*://g.pconline.com.cn/x/*","*://m.zol.com.cn/article/*","*://m.autohome.com.cn/news/*","*://chejiahao.m.autohome.com.cn/info/*","*://*.cnr.cn/*","*://club.m.autohome.com.cn/bbs/*","*://3g.ali213.net/*","*://wap.gamersky.com/*","*://wenda.so.com/q/*","*://m.wenda.so.com/q/*","*://n.tianyancha.com/content/*","*://bbs.tianya.cn/m/*","*://wap.eastmoney.com/a/*","*://mguba.eastmoney.com/*","*://emcreative.eastmoney.com/*","*://*.ximalaya.com/*","*://www.taodudu.cc/news/*","*://blog.didispace.com/*","*://*.wang1314.com/doc/*","*://*.k4china.com/*","*://www.tofacebook.com/*"],"orig_noframes":null,"orig_run_at":"document-start","use_blockers":[],"use_connects":[],"use_excludes":[],"use_includes":[],"use_matches":[]}},"settings":{"enabled":true,"position":4},"meta":{"name":"自动展开","uuid":"b27e01fd-2a06-45c8-ad2b-31d22edd8287","modified":1687570891350,"file_url":"https://greasyfork.org/scripts/438656-%E8%87%AA%E5%8A%A8%E5%B1%95%E5%BC%80/code/%E8%87%AA%E5%8A%A8%E5%B1%95%E5%BC%80.user.js"}}